{"texture_size":[128,128],"textures":{"1":"paper/boxes","particle":"paper/boxes"},"elements":[{"from":[0,0,0],"to":[16,16,16],"rotation":{"angle":0,"axis":"y","origin":[0,0,15]},"faces":{"north":{"uv":[0,0,2,2],"texture":"#1"},"east":{"uv":[0,2,2,4],"texture":"#1"},"south":{"uv":[2,0,4,2],"texture":"#1"},"west":{"uv":[2,2,4,4],"texture":"#1"},"up":{"uv":[2,6,0,4],"texture":"#1"},"down":{"uv":[6,0,4,2],"texture":"#1"}}},{"from":[-8.72828,0,-2.20137],"to":[-1.72828,1,16.04863],"rotation":{"angle":-22.5,"axis":"y","origin":[-2.72828,0.5,3.79863]},"faces":{"north":{"uv":[5.875,3.375,6.75,3.5],"texture":"#1"},"east":{"uv":[6.875,3.25,9.1875,3.375],"texture":"#1"},"south":{"uv":[5.875,3.5,6.75,3.625],"texture":"#1"},"west":{"uv":[7.625,0,9.9375,0.125],"texture":"#1"},"up":{"uv":[4.75,7.8125,3.875,5.5],"texture":"#1"},"down":{"uv":[5.625,5.5,4.75,7.8125],"texture":"#1"}}},{"from":[-8.72828,1,-2.20137],"to":[-1.72828,2,16.04863],"rotation":{"angle":0,"axis":"y","origin":[-2.72828,0.5,3.79863]},"faces":{"north":{"uv":[7.625,0.625,8.5,0.75],"texture":"#1"},"east":{"uv":[7.625,0.125,9.9375,0.25],"texture":"#1"},"south":{"uv":[7.625,0.75,8.5,0.875],"texture":"#1"},"west":{"uv":[7.625,0.25,9.9375,0.375],"texture":"#1"},"up":{"uv":[2.875,7.9375,2,5.625],"texture":"#1"},"down":{"uv":[3.75,5.625,2.875,7.9375],"texture":"#1"}}},{"from":[-7.72828,2,-4.20137],"to":[-2.72828,3,16.04863],"rotation":{"angle":-22.5,"axis":"y","origin":[-2.72828,0.5,3.79863]},"faces":{"north":{"uv":[6.25,7.375,6.875,7.5],"texture":"#1"},"east":{"uv":[6.875,3,9.4375,3.125],"texture":"#1"},"south":{"uv":[6.25,7.5,6.875,7.625],"texture":"#1"},"west":{"uv":[6.875,3.125,9.4375,3.25],"texture":"#1"},"up":{"uv":[6.25,8.0625,5.625,5.5],"texture":"#1"},"down":{"uv":[0.625,6,0,8.5625],"texture":"#1"}}}],"display":{"thirdperson_righthand":{"rotation":[72.95,-15.16,6.83],"translation":[0,3,0],"scale":[0.3125,0.3125,0.3125]},"thirdperson_lefthand":{"rotation":[-118.82,33.08,-171.18],"translation":[0,3,0],"scale":[0.3125,0.3125,0.3125]},"firstperson_righthand":{"rotation":[170.6,60.54,-176.46],"translation":[0.75,2,0],"scale":[0.15781,0.15781,0.15781]},"firstperson_lefthand":{"rotation":[170.6,60.54,-176.46],"translation":[0.75,2,0],"scale":[0.15781,0.15781,0.15781]},"ground":{"translation":[0,1.75,0],"scale":[0.50586,0.50586,0.50586]},"gui":{"rotation":[-148.08,37.68,-179.38],"translation":[0,-0.5,0],"scale":[0.39063,0.39063,0.39063]},"head":{"translation":[0,-30.4,0],"scale":[1.6,1.6,1.6]},"fixed":{"rotation":[-90,180,0],"translation":[0,0,-16],"scale":[2.01,2.01,2.01]}}}